K,train_samples,best_alpha,best_C,val_macro_f1,test_accuracy,test_macro_f1,runtime_sec
32,256,0.35,10.0,0.7312124797744525,0.5835897435897436,0.5814830083015448,9.008871916972566
64,512,0.1,10.0,0.8092710796875293,0.6307692307692307,0.6133664623466422,10.155952957982663
128,1024,0.15,10.0,0.8140075571687739,0.6553846153846153,0.6346404256590453,13.591214417014271
