Method,Accuracy,Macro-F1
Zero-shot (CLIP prompts),0.6246153846153846,0.5359817161621765
"Few-shot (CLIP fusion + LR, K=128)",0.6605128205128206,0.6397342024076105
